{"W1": [[-2.0678027966898336, -3.523768114823743], [-0.13251624058923486, 0.22460595016720306], [-1.8109694910697243, 0.43595350666826554], [-1.4563941413639077, -5.094046871940182], [-0.5350208122670443, -0.2598131453103215], [0.5002548502288784, 1.8954007062069642], [-1.163316781351593, -5.016522746654798], [0.05390583205807889, -0.0596159699806467]], "b1": [[2.067453947005521], [0.2686369245973044], [-0.5025412713888892], [-2.12241112691887], [0.014584432309566303], [0.5967668330852626], [0.3264561600761999], [-0.09887790487696219]], "W2": [[-4.101646961459343, 0.20086547934384175, -2.1016509840942916, -5.582794321101451, -0.8795561333041645, -3.2578703260787774, 4.973318541829435, 0.22313667888866046]], "b2": [[5.443861080341403]]}