{"W1": [[-2.75146356521565, -4.504325657483908], [-0.667263680222453, 0.4830518571182877], [-1.555736331703473, 0.41105452411745735], [-1.093297124053705, -4.254345345885482], [-1.2853183439219853, 0.3581850292437773], [1.1106930180747412, 3.704398062782967], [-1.334137317409119, -5.458626985365173], [-0.3374301847222566, 0.15699539251545375]], "b1": [[3.258398310721034], [0.44455727820029356], [-0.5015090438516452], [-1.9920294499520788], [-0.43369660868706994], [1.7859579249708633], [0.43824313283978195], [4.147078487854637]], "W2": [[-5.868591594870131, 0.3798959413146779, -1.6968452032431056, -4.682966553641531, -1.3251054560180389, -3.8507849927970565, 5.620593382868471, 4.229271126812173]], "b2": [[1.2324167792199696]]}